{"cameraMode":{"drawMode":0,"name":"Shaded","section":"Shading Mode"},"sceneLighting":false,"audioPlay":false,"sceneViewState":{"m_AlwaysRefresh":false,"showFog":true,"showSkybox":false,"showFlares":true,"showImageEffects":true,"showParticleSystems":true,"showVisualEffectGraphs":true,"m_FxEnabled":true},"in2DMode":false,"pivot":{"x":-11.144000053405762,"y":1.4989815950393677,"z":-18.07699966430664},"rotation":{"x":0.040563058108091357,"y":0.9405933618545532,"z":-0.12084566801786423,"w":0.3149529695510864},"size":0.09689360111951828,"orthographic":false}